{"Properties": {"dampingRatio": 0.097377924804350452, "uniaxialMaterials": [{"name": 1, "type": "shear", "K0": 44086959.931877695, "Sy": 307820.51282051281, "eta": 0.117647, "C": 1000.0, "gamma": 0.59999999999999998, "alpha": 3.0, "beta": 1.0, "omega": 0.20000000000000001, "eta_soft": -0.001, "a_k": 0.10000000000000001}]}, "Geometry": {"nodes": [{"name": 1, "crd": [0.0, 0.0], "ndf": 2}, {"name": 2, "mass": 104700.8547008547, "crd": [3.0973028995476839, 0.0], "ndf": 2}], "elements": [{"name": 1, "type": "shear_beam2d", "uniaxial_material": 1, "nodes": [1, 2]}]}, "NodeMapping": [{"cline": 1, "floor": 1, "node": 1}, {"cline": 1, "floor": 2, "node": 2}]}