{"EconomicLoss": {"MedianLossRatio": 0.025353963769341813, "MedianRepairCost": 6214.3971430903275, "MeanRepairCost": 10374.842948730673, "StdRepairCost": 11505.535351631936, "10PercentileLoss": 1079.0025507874689, "90PercentileLoss": 21763.590587796149}, "RepairTime": {"MedianRepairTime": 6.6635627147143408}, "UnsafePlacards": {"Tag": "none", "RedTagProbability": 0.029000000000000001}, "Name": "11", "MaxPGA": 1.5994999999999999}