{"RandomVariables": [], "total_number_edp": 4, "EngineeringDemandParameters": [{"name": "8040.HNE.NP.01_a.smc", "responses": [{"type": "max_abs_acceleration", "cline": 1, "floor": 1, "scalar_data": [1.5994999999999999, 1.5994999999999999, 1.5994999999999999, 1.5994999999999999]}, {"type": "max_abs_acceleration", "cline": 1, "floor": 2, "scalar_data": [3.2451099999999999, 3.21719, 3.16005, 3.0271599999999999]}, {"type": "max_drift", "cline": 1, "floor1": 1, "floor2": 2, "scalar_data": [0.0052386200000000003, 0.0054462199999999999, 0.0041204400000000004, 0.0061971200000000004]}, {"type": "residual_disp", "cline": 1, "floor": 2, "scalar_data": [0.0024896300000000001, 0.0021940000000000002, 0.00045508300000000001, 0.00155905]}]}]}