{"EconomicLoss": {"MedianLossRatio": 0.02506815937723126, "MedianRepairCost": 5828.8524443402075, "MeanRepairCost": 9888.1547713352975, "StdRepairCost": 11023.15717866203, "10PercentileLoss": 1052.137916259687, "90PercentileLoss": 21241.386231004155}, "RepairTime": {"MedianRepairTime": 6.5661716657647133}, "UnsafePlacards": {"Tag": "none", "RedTagProbability": 0.032750000000000001}, "Name": "12", "MaxPGA": 1.5994999999999999}