{"EconomicLoss": {"MedianLossRatio": 0.14835403738279615, "MedianRepairCost": 78448.505487518632, "MeanRepairCost": 87603.631650308409, "StdRepairCost": 50337.808451160519, "10PercentileLoss": 31302.815430656035, "90PercentileLoss": 154726.43997855598}, "RepairTime": {"MedianRepairTime": 54.096093820143423}, "UnsafePlacards": {"Tag": "none", "RedTagProbability": 0.30725000000000002}, "Name": "13", "MaxPGA": 1.5994999999999999}